{
    "PageHeader":"Customers",
    "CustomersGridTitle":"Customer Details",
    "CreateCustomersTitle":"Create Customer",
    "CustomersGridConfigurations":[
        {
            "header": "Customer #",
            "key":"id",
            "type":"text"

        },
        {
            "header":"First Name",
            "key":"firstName",
            "type":"text"
        },
        {
            "header":"Last Name",
            "key":"lastName",
            "type":"text"
        },
        {
            "header":"Date Of Birth",
            "key":"dateOfBirth",
            "type":"date"
        }
    ],
    "CustomersGridActions":["view"]
}