{
    "PageHeader":"Orders",
    "OrdersGridTitle":"Order Details",
    "OrdersGridConfigurations":[
        {
            "header": "Order #",
            "key":"id"
        },
        {
            "header":"Order number",
            "key":"orderNumber"
        },
        {
            "header":"Customer Name",
            "key":"customerName"
        },
        {
            "header":"Value",
            "key":"value"
        },
        {
            "header":"Details",
            "key":"details"
        }

    ],
    "searchColumns":[
        "orderNumber","customerName"
    ]
}